Date,Global_Transport_Cost_Index
2023-01-01,
2023-01-02,
2023-01-03,82.0999984741211
2023-01-04,77.83999633789062
2023-01-05,78.69000244140625
2023-01-06,78.56999969482422
2023-01-07,78.56999969482422
2023-01-08,78.56999969482422
2023-01-09,79.6500015258789
2023-01-10,80.0999984741211
2023-01-11,82.66999816894531
2023-01-12,84.02999877929688
2023-01-13,85.27999877929688
2023-01-14,85.27999877929688
2023-01-15,85.27999877929688
2023-01-16,85.27999877929688
2023-01-17,85.91999816894531
2023-01-18,84.9800033569336
2023-01-19,86.16000366210938
2023-01-20,87.62999725341797
2023-01-21,87.62999725341797
2023-01-22,87.62999725341797
2023-01-23,88.19000244140625
2023-01-24,86.12999725341797
2023-01-25,86.12000274658203
2023-01-26,87.47000122070312
2023-01-27,86.66000366210938
2023-01-28,86.66000366210938
2023-01-29,86.66000366210938
2023-01-30,84.9000015258789
2023-01-31,84.48999786376953
2023-02-01,82.83999633789062
2023-02-02,82.16999816894531
2023-02-03,79.94000244140625
2023-02-04,79.94000244140625
2023-02-05,79.94000244140625
2023-02-06,80.98999786376953
2023-02-07,83.69000244140625
2023-02-08,85.08999633789062
2023-02-09,84.5
2023-02-10,86.38999938964844
2023-02-11,86.38999938964844
2023-02-12,86.38999938964844
2023-02-13,86.61000061035156
2023-02-14,85.58000183105469
2023-02-15,85.37999725341797
2023-02-16,85.13999938964844
2023-02-17,83.0
2023-02-18,83.0
2023-02-19,83.0
2023-02-20,83.0
2023-02-21,83.05000305175781
2023-02-22,80.5999984741211
2023-02-23,82.20999908447266
2023-02-24,83.16000366210938
2023-02-25,83.16000366210938
2023-02-26,83.16000366210938
2023-02-27,82.44999694824219
2023-02-28,83.88999938964844
2023-03-01,84.30999755859375
2023-03-02,84.75
2023-03-03,85.83000183105469
2023-03-04,85.83000183105469
2023-03-05,85.83000183105469
2023-03-06,86.18000030517578
2023-03-07,83.29000091552734
2023-03-08,82.66000366210938
2023-03-09,81.58999633789062
2023-03-10,82.77999877929688
2023-03-11,82.77999877929688
2023-03-12,82.77999877929688
2023-03-13,80.7699966430664
2023-03-14,77.44999694824219
2023-03-15,73.69000244140625
2023-03-16,74.69999694824219
2023-03-17,72.97000122070312
2023-03-18,72.97000122070312
2023-03-19,72.97000122070312
2023-03-20,73.79000091552734
2023-03-21,75.31999969482422
2023-03-22,76.69000244140625
2023-03-23,75.91000366210938
2023-03-24,74.98999786376953
2023-03-25,74.98999786376953
2023-03-26,74.98999786376953
2023-03-27,78.12000274658203
2023-03-28,78.6500015258789
2023-03-29,78.27999877929688
2023-03-30,79.2699966430664
2023-03-31,79.7699966430664
2023-04-01,79.7699966430664
2023-04-02,79.7699966430664
2023-04-03,84.93000030517578
2023-04-04,84.94000244140625
2023-04-05,84.98999786376953
2023-04-06,85.12000274658203
2023-04-07,85.12000274658203
2023-04-08,85.12000274658203
2023-04-09,85.12000274658203
2023-04-10,84.18000030517578
2023-04-11,85.61000061035156
2023-04-12,87.33000183105469
2023-04-13,86.08999633789062
2023-04-14,86.30999755859375
2023-04-15,86.30999755859375
2023-04-16,86.30999755859375
2023-04-17,84.76000213623047
2023-04-18,84.7699966430664
2023-04-19,83.12000274658203
2023-04-20,81.0999984741211
2023-04-21,81.66000366210938
2023-04-22,81.66000366210938
2023-04-23,81.66000366210938
2023-04-24,82.7300033569336
2023-04-25,80.7699966430664
2023-04-26,77.69000244140625
2023-04-27,78.37000274658203
2023-04-28,79.54000091552734
2023-04-29,79.54000091552734
2023-04-30,79.54000091552734
2023-05-01,79.30999755859375
2023-05-02,75.31999969482422
2023-05-03,72.33000183105469
2023-05-04,72.5
2023-05-05,75.30000305175781
2023-05-06,75.30000305175781
2023-05-07,75.30000305175781
2023-05-08,77.01000213623047
2023-05-09,77.44000244140625
2023-05-10,76.41000366210938
2023-05-11,74.9800033569336
2023-05-12,74.16999816894531
2023-05-13,74.16999816894531
2023-05-14,74.16999816894531
2023-05-15,75.2300033569336
2023-05-16,74.91000366210938
2023-05-17,76.95999908447266
2023-05-18,75.86000061035156
2023-05-19,75.58000183105469
2023-05-20,75.58000183105469
2023-05-21,75.58000183105469
2023-05-22,75.98999786376953
2023-05-23,76.83999633789062
2023-05-24,78.36000061035156
2023-05-25,76.26000213623047
2023-05-26,76.94999694824219
2023-05-27,76.94999694824219
2023-05-28,76.94999694824219
2023-05-29,76.94999694824219
2023-05-30,73.54000091552734
2023-05-31,72.66000366210938
2023-06-01,74.27999877929688
2023-06-02,76.12999725341797
2023-06-03,76.12999725341797
2023-06-04,76.12999725341797
2023-06-05,76.70999908447266
2023-06-06,76.29000091552734
2023-06-07,76.94999694824219
2023-06-08,75.95999908447266
2023-06-09,74.79000091552734
2023-06-10,74.79000091552734
2023-06-11,74.79000091552734
2023-06-12,71.83999633789062
2023-06-13,74.29000091552734
2023-06-14,73.19999694824219
2023-06-15,75.66999816894531
2023-06-16,76.61000061035156
2023-06-17,76.61000061035156
2023-06-18,76.61000061035156
2023-06-19,76.61000061035156
2023-06-20,75.9000015258789
2023-06-21,77.12000274658203
2023-06-22,74.13999938964844
2023-06-23,73.8499984741211
2023-06-24,73.8499984741211
2023-06-25,73.8499984741211
2023-06-26,74.18000030517578
2023-06-27,72.26000213623047
2023-06-28,74.02999877929688
2023-06-29,74.33999633789062
2023-06-30,74.9000015258789
2023-07-01,74.9000015258789
2023-07-02,74.9000015258789
2023-07-03,74.6500015258789
2023-07-04,74.6500015258789
2023-07-05,76.6500015258789
2023-07-06,76.5199966430664
2023-07-07,78.47000122070312
2023-07-08,78.47000122070312
2023-07-09,78.47000122070312
2023-07-10,77.69000244140625
2023-07-11,79.4000015258789
2023-07-12,80.11000061035156
2023-07-13,81.36000061035156
2023-07-14,79.87000274658203
2023-07-15,79.87000274658203
2023-07-16,79.87000274658203
2023-07-17,78.5
2023-07-18,79.62999725341797
2023-07-19,79.45999908447266
2023-07-20,79.63999938964844
2023-07-21,81.06999969482422
2023-07-22,81.06999969482422
2023-07-23,81.06999969482422
2023-07-24,82.73999786376953
2023-07-25,83.63999938964844
2023-07-26,82.91999816894531
2023-07-27,84.23999786376953
2023-07-28,84.98999786376953
2023-07-29,84.98999786376953
2023-07-30,84.98999786376953
2023-07-31,85.55999755859375
2023-08-01,84.91000366210938
2023-08-02,83.19999694824219
2023-08-03,85.13999938964844
2023-08-04,86.23999786376953
2023-08-05,86.23999786376953
2023-08-06,86.23999786376953
2023-08-07,85.33999633789062
2023-08-08,86.16999816894531
2023-08-09,87.55000305175781
2023-08-10,86.4000015258789
2023-08-11,86.80999755859375
2023-08-12,86.80999755859375
2023-08-13,86.80999755859375
2023-08-14,86.20999908447266
2023-08-15,84.88999938964844
2023-08-16,83.44999694824219
2023-08-17,84.12000274658203
2023-08-18,84.80000305175781
2023-08-19,84.80000305175781
2023-08-20,84.80000305175781
2023-08-21,84.45999908447266
2023-08-22,84.02999877929688
2023-08-23,83.20999908447266
2023-08-24,83.36000061035156
2023-08-25,84.4800033569336
2023-08-26,84.4800033569336
2023-08-27,84.4800033569336
2023-08-28,84.41999816894531
2023-08-29,85.48999786376953
2023-08-30,85.86000061035156
2023-08-31,86.86000061035156
2023-09-01,88.55000305175781
2023-09-02,88.55000305175781
2023-09-03,88.55000305175781
2023-09-04,88.55000305175781
2023-09-05,90.04000091552734
2023-09-06,90.5999984741211
2023-09-07,89.91999816894531
2023-09-08,90.6500015258789
2023-09-09,90.6500015258789
2023-09-10,90.6500015258789
2023-09-11,90.63999938964844
2023-09-12,92.05999755859375
2023-09-13,91.87999725341797
2023-09-14,93.69999694824219
2023-09-15,93.93000030517578
2023-09-16,93.93000030517578
2023-09-17,93.93000030517578
2023-09-18,94.43000030517578
2023-09-19,94.33999633789062
2023-09-20,93.52999877929688
2023-09-21,93.30000305175781
2023-09-22,93.2699966430664
2023-09-23,93.2699966430664
2023-09-24,93.2699966430664
2023-09-25,93.29000091552734
2023-09-26,93.95999908447266
2023-09-27,96.55000305175781
2023-09-28,95.37999725341797
2023-09-29,95.30999755859375
2023-09-30,95.30999755859375
2023-10-01,95.30999755859375
2023-10-02,90.70999908447266
2023-10-03,90.91999816894531
2023-10-04,85.80999755859375
2023-10-05,84.06999969482422
2023-10-06,84.58000183105469
2023-10-07,84.58000183105469
2023-10-08,84.58000183105469
2023-10-09,88.1500015258789
2023-10-10,87.6500015258789
2023-10-11,85.81999969482422
2023-10-12,86.0
2023-10-13,90.88999938964844
2023-10-14,90.88999938964844
2023-10-15,90.88999938964844
2023-10-16,89.6500015258789
2023-10-17,89.9000015258789
2023-10-18,91.5
2023-10-19,92.37999725341797
2023-10-20,92.16000366210938
2023-10-21,92.16000366210938
2023-10-22,92.16000366210938
2023-10-23,89.83000183105469
2023-10-24,88.06999969482422
2023-10-25,90.12999725341797
2023-10-26,87.93000030517578
2023-10-27,90.4800033569336
2023-10-28,90.4800033569336
2023-10-29,90.4800033569336
2023-10-30,87.44999694824219
2023-10-31,87.41000366210938
2023-11-01,84.62999725341797
2023-11-02,86.8499984741211
2023-11-03,84.88999938964844
2023-11-04,84.88999938964844
2023-11-05,84.88999938964844
2023-11-06,85.18000030517578
2023-11-07,81.61000061035156
2023-11-08,79.54000091552734
2023-11-09,80.01000213623047
2023-11-10,81.43000030517578
2023-11-11,81.43000030517578
2023-11-12,81.43000030517578
2023-11-13,82.5199966430664
2023-11-14,82.47000122070312
2023-11-15,81.18000030517578
2023-11-16,77.41999816894531
2023-11-17,80.61000061035156
2023-11-18,80.61000061035156
2023-11-19,80.61000061035156
2023-11-20,82.31999969482422
2023-11-21,82.44999694824219
2023-11-22,81.95999908447266
2023-11-23,81.37000274658203
2023-11-24,80.58000183105469
2023-11-25,80.58000183105469
2023-11-26,80.58000183105469
2023-11-27,79.9800033569336
2023-11-28,81.68000030517578
2023-11-29,83.0999984741211
2023-11-30,82.83000183105469
2023-12-01,78.87999725341797
2023-12-02,78.87999725341797
2023-12-03,78.87999725341797
2023-12-04,78.02999877929688
2023-12-05,77.19999694824219
2023-12-06,74.30000305175781
2023-12-07,74.05000305175781
2023-12-08,75.83999633789062
2023-12-09,75.83999633789062
2023-12-10,75.83999633789062
2023-12-11,76.02999877929688
2023-12-12,73.23999786376953
2023-12-13,74.26000213623047
2023-12-14,76.61000061035156
2023-12-15,76.55000305175781
2023-12-16,76.55000305175781
2023-12-17,76.55000305175781
2023-12-18,77.94999694824219
2023-12-19,79.2300033569336
2023-12-20,79.69999694824219
2023-12-21,79.38999938964844
2023-12-22,79.06999969482422
2023-12-23,79.06999969482422
2023-12-24,79.06999969482422
2023-12-25,79.06999969482422
2023-12-26,81.06999969482422
2023-12-27,79.6500015258789
2023-12-28,78.38999938964844
2023-12-29,77.04000091552734
2023-12-30,77.04000091552734
2023-12-31,77.04000091552734
2024-01-01,77.04000091552734
2024-01-02,75.88999938964844
2024-01-03,78.25
2024-01-04,77.58999633789062
2024-01-05,78.76000213623047
2024-01-06,78.76000213623047
2024-01-07,78.76000213623047
2024-01-08,76.12000274658203
2024-01-09,77.58999633789062
2024-01-10,76.80000305175781
2024-01-11,77.41000366210938
2024-01-12,78.29000091552734
2024-01-13,78.29000091552734
2024-01-14,78.29000091552734
2024-01-15,78.29000091552734
2024-01-16,78.29000091552734
2024-01-17,77.87999725341797
2024-01-18,79.0999984741211
2024-01-19,78.55999755859375
2024-01-20,78.55999755859375
2024-01-21,78.55999755859375
2024-01-22,80.05999755859375
2024-01-23,79.55000305175781
2024-01-24,80.04000091552734
2024-01-25,82.43000030517578
2024-01-26,83.55000305175781
2024-01-27,83.55000305175781
2024-01-28,83.55000305175781
2024-01-29,82.4000015258789
2024-01-30,82.87000274658203
2024-01-31,81.70999908447266
2024-02-01,78.69999694824219
2024-02-02,77.33000183105469
2024-02-03,77.33000183105469
2024-02-04,77.33000183105469
2024-02-05,77.98999786376953
2024-02-06,78.58999633789062
2024-02-07,79.20999908447266
2024-02-08,81.62999725341797
2024-02-09,82.19000244140625
2024-02-10,82.19000244140625
2024-02-11,82.19000244140625
2024-02-12,82.0
2024-02-13,82.7699966430664
2024-02-14,81.5999984741211
2024-02-15,82.86000061035156
2024-02-16,83.47000122070312
2024-02-17,83.47000122070312
2024-02-18,83.47000122070312
2024-02-19,83.47000122070312
2024-02-20,82.33999633789062
2024-02-21,83.02999877929688
2024-02-22,83.66999816894531
2024-02-23,81.62000274658203
2024-02-24,81.62000274658203
2024-02-25,81.62000274658203
2024-02-26,82.52999877929688
2024-02-27,83.6500015258789
2024-02-28,83.68000030517578
2024-02-29,83.62000274658203
2024-03-01,83.55000305175781
2024-03-02,83.55000305175781
2024-03-03,83.55000305175781
2024-03-04,82.80000305175781
2024-03-05,82.04000091552734
2024-03-06,82.95999908447266
2024-03-07,82.95999908447266
2024-03-08,82.08000183105469
2024-03-09,82.08000183105469
2024-03-10,82.08000183105469
2024-03-11,82.20999908447266
2024-03-12,81.91999816894531
2024-03-13,84.02999877929688
2024-03-14,85.41999816894531
2024-03-15,85.33999633789062
2024-03-16,85.33999633789062
2024-03-17,85.33999633789062
2024-03-18,86.88999938964844
2024-03-19,87.37999725341797
2024-03-20,85.94999694824219
2024-03-21,85.77999877929688
2024-03-22,85.43000030517578
2024-03-23,85.43000030517578
2024-03-24,85.43000030517578
2024-03-25,86.75
2024-03-26,86.25
2024-03-27,86.08999633789062
2024-03-28,87.4800033569336
2024-03-29,87.4800033569336
2024-03-30,87.4800033569336
2024-03-31,87.4800033569336
2024-04-01,87.41999816894531
2024-04-02,88.91999816894531
2024-04-03,89.3499984741211
2024-04-04,90.6500015258789
2024-04-05,91.16999816894531
2024-04-06,91.16999816894531
2024-04-07,91.16999816894531
2024-04-08,90.37999725341797
2024-04-09,89.41999816894531
2024-04-10,90.4800033569336
2024-04-11,89.73999786376953
2024-04-12,90.44999694824219
2024-04-13,90.44999694824219
2024-04-14,90.44999694824219
2024-04-15,90.0999984741211
2024-04-16,90.0199966430664
2024-04-17,87.29000091552734
2024-04-18,87.11000061035156
2024-04-19,87.29000091552734
2024-04-20,87.29000091552734
2024-04-21,87.29000091552734
2024-04-22,87.0
2024-04-23,88.41999816894531
2024-04-24,88.0199966430664
2024-04-25,89.01000213623047
2024-04-26,89.5
2024-04-27,89.5
2024-04-28,89.5
2024-04-29,88.4000015258789
2024-04-30,87.86000061035156
2024-05-01,83.44000244140625
2024-05-02,83.66999816894531
2024-05-03,82.95999908447266
2024-05-04,82.95999908447266
2024-05-05,82.95999908447266
2024-05-06,83.33000183105469
2024-05-07,83.16000366210938
2024-05-08,83.58000183105469
2024-05-09,83.87999725341797
2024-05-10,82.79000091552734
2024-05-11,82.79000091552734
2024-05-12,82.79000091552734
2024-05-13,83.36000061035156
2024-05-14,82.37999725341797
2024-05-15,82.75
2024-05-16,83.2699966430664
2024-05-17,83.9800033569336
2024-05-18,83.9800033569336
2024-05-19,83.9800033569336
2024-05-20,83.70999908447266
2024-05-21,82.87999725341797
2024-05-22,81.9000015258789
2024-05-23,81.36000061035156
2024-05-24,82.12000274658203
2024-05-25,82.12000274658203
2024-05-26,82.12000274658203
2024-05-27,82.12000274658203
2024-05-28,84.22000122070312
2024-05-29,83.5999984741211
2024-05-30,81.86000061035156
2024-05-31,81.62000274658203
2024-06-01,81.62000274658203
2024-06-02,81.62000274658203
2024-06-03,78.36000061035156
2024-06-04,77.5199966430664
2024-06-05,78.41000366210938
2024-06-06,79.87000274658203
2024-06-07,79.62000274658203
2024-06-08,79.62000274658203
2024-06-09,79.62000274658203
2024-06-10,81.62999725341797
2024-06-11,81.91999816894531
2024-06-12,82.5999984741211
2024-06-13,82.75
2024-06-14,82.62000274658203
2024-06-15,82.62000274658203
2024-06-16,82.62000274658203
2024-06-17,84.25
2024-06-18,85.33000183105469
2024-06-19,85.33000183105469
2024-06-20,85.70999908447266
2024-06-21,85.23999786376953
2024-06-22,85.23999786376953
2024-06-23,85.23999786376953
2024-06-24,86.01000213623047
2024-06-25,85.01000213623047
2024-06-26,85.25
2024-06-27,86.38999938964844
2024-06-28,86.41000366210938
2024-06-29,86.41000366210938
2024-06-30,86.41000366210938
2024-07-01,86.5999984741211
2024-07-02,86.23999786376953
2024-07-03,87.33999633789062
2024-07-04,87.33999633789062
2024-07-05,86.54000091552734
2024-07-06,86.54000091552734
2024-07-07,86.54000091552734
2024-07-08,85.75
2024-07-09,84.66000366210938
2024-07-10,85.08000183105469
2024-07-11,85.4000015258789
2024-07-12,85.02999877929688
2024-07-13,85.02999877929688
2024-07-14,85.02999877929688
2024-07-15,84.8499984741211
2024-07-16,83.7300033569336
2024-07-17,85.08000183105469
2024-07-18,85.11000061035156
2024-07-19,82.62999725341797
2024-07-20,82.62999725341797
2024-07-21,82.62999725341797
2024-07-22,82.4000015258789
2024-07-23,81.01000213623047
2024-07-24,81.70999908447266
2024-07-25,82.37000274658203
2024-07-26,81.12999725341797
2024-07-27,81.12999725341797
2024-07-28,81.12999725341797
2024-07-29,79.77999877929688
2024-07-30,78.62999725341797
2024-07-31,80.72000122070312
2024-08-01,79.5199966430664
2024-08-02,76.80999755859375
2024-08-03,76.80999755859375
2024-08-04,76.80999755859375
2024-08-05,76.30000305175781
2024-08-06,76.4800033569336
2024-08-07,78.33000183105469
2024-08-08,79.16000366210938
2024-08-09,79.66000366210938
2024-08-10,79.66000366210938
2024-08-11,79.66000366210938
2024-08-12,82.30000305175781
2024-08-13,80.69000244140625
2024-08-14,79.76000213623047
2024-08-15,81.04000091552734
2024-08-16,79.68000030517578
2024-08-17,79.68000030517578
2024-08-18,79.68000030517578
2024-08-19,77.66000366210938
2024-08-20,77.19999694824219
2024-08-21,76.05000305175781
2024-08-22,77.22000122070312
2024-08-23,79.0199966430664
2024-08-24,79.0199966430664
2024-08-25,79.0199966430664
2024-08-26,81.43000030517578
2024-08-27,79.55000305175781
2024-08-28,78.6500015258789
2024-08-29,79.94000244140625
2024-08-30,78.80000305175781
2024-08-31,78.80000305175781
2024-09-01,78.80000305175781
2024-09-02,78.80000305175781
2024-09-03,73.75
2024-09-04,72.69999694824219
2024-09-05,72.69000244140625
2024-09-06,71.05999755859375
2024-09-07,71.05999755859375
2024-09-08,71.05999755859375
2024-09-09,71.83999633789062
2024-09-10,69.19000244140625
2024-09-11,70.61000061035156
2024-09-12,71.97000122070312
2024-09-13,71.61000061035156
2024-09-14,71.61000061035156
2024-09-15,71.61000061035156
2024-09-16,72.75
2024-09-17,73.69999694824219
2024-09-18,73.6500015258789
2024-09-19,74.87999725341797
2024-09-20,74.48999786376953
2024-09-21,74.48999786376953
2024-09-22,74.48999786376953
2024-09-23,73.9000015258789
2024-09-24,75.16999816894531
2024-09-25,73.45999908447266
2024-09-26,71.5999984741211
2024-09-27,71.9800033569336
2024-09-28,71.9800033569336
2024-09-29,71.9800033569336
2024-09-30,71.7699966430664
2024-10-01,73.55999755859375
2024-10-02,73.9000015258789
2024-10-03,77.62000274658203
2024-10-04,78.05000305175781
2024-10-05,78.05000305175781
2024-10-06,78.05000305175781
2024-10-07,80.93000030517578
2024-10-08,77.18000030517578
2024-10-09,76.58000183105469
2024-10-10,79.4000015258789
2024-10-11,79.04000091552734
2024-10-12,79.04000091552734
2024-10-13,79.04000091552734
2024-10-14,77.45999908447266
2024-10-15,74.25
2024-10-16,74.22000122070312
2024-10-17,74.44999694824219
2024-10-18,73.05999755859375
2024-10-19,73.05999755859375
2024-10-20,73.05999755859375
2024-10-21,74.29000091552734
2024-10-22,76.04000091552734
2024-10-23,74.95999908447266
2024-10-24,74.37999725341797
2024-10-25,76.05000305175781
2024-10-26,76.05000305175781
2024-10-27,76.05000305175781
2024-10-28,71.41999816894531
2024-10-29,71.12000274658203
2024-10-30,72.55000305175781
2024-10-31,73.16000366210938
2024-11-01,73.0999984741211
2024-11-02,73.0999984741211
2024-11-03,73.0999984741211
2024-11-04,75.08000183105469
2024-11-05,75.52999877929688
2024-11-06,74.91999816894531
2024-11-07,75.62999725341797
2024-11-08,73.87000274658203
2024-11-09,73.87000274658203
2024-11-10,73.87000274658203
2024-11-11,71.83000183105469
2024-11-12,71.88999938964844
2024-11-13,72.27999877929688
2024-11-14,72.55999755859375
2024-11-15,71.04000091552734
2024-11-16,71.04000091552734
2024-11-17,71.04000091552734
2024-11-18,73.30000305175781
2024-11-19,73.30999755859375
2024-11-20,72.80999755859375
2024-11-21,74.2300033569336
2024-11-22,75.16999816894531
2024-11-23,75.16999816894531
2024-11-24,75.16999816894531
2024-11-25,73.01000213623047
2024-11-26,72.80999755859375
2024-11-27,72.83000183105469
2024-11-28,72.83000183105469
2024-11-29,72.94000244140625
2024-11-30,72.94000244140625
2024-12-01,72.94000244140625
2024-12-02,71.83000183105469
2024-12-03,73.62000274658203
2024-12-04,72.30999755859375
2024-12-05,72.08999633789062
2024-12-06,71.12000274658203
2024-12-07,71.12000274658203
2024-12-08,71.12000274658203
2024-12-09,72.13999938964844
2024-12-10,72.19000244140625
2024-12-11,73.5199966430664
2024-12-12,73.41000366210938
2024-12-13,74.48999786376953
2024-12-14,74.48999786376953
2024-12-15,74.48999786376953
2024-12-16,73.91000366210938
2024-12-17,73.19000244140625
2024-12-18,73.38999938964844
2024-12-19,72.87999725341797
2024-12-20,72.94000244140625
2024-12-21,72.94000244140625
2024-12-22,72.94000244140625
2024-12-23,72.62999725341797
2024-12-24,73.58000183105469
2024-12-25,73.58000183105469
2024-12-26,73.26000213623047
2024-12-27,74.16999816894531
2024-12-28,74.16999816894531
2024-12-29,74.16999816894531
2024-12-30,74.38999938964844
2024-12-31,74.63999938964844
2025-01-01,74.63999938964844
2025-01-02,75.93000030517578
2025-01-03,76.51000213623047
2025-01-04,76.51000213623047
2025-01-05,76.51000213623047
2025-01-06,76.30000305175781
2025-01-07,77.05000305175781
2025-01-08,76.16000366210938
2025-01-09,76.91999816894531
2025-01-10,79.76000213623047
2025-01-11,79.76000213623047
2025-01-12,79.76000213623047
2025-01-13,81.01000213623047
2025-01-14,79.91999816894531
2025-01-15,82.02999877929688
2025-01-16,81.29000091552734
2025-01-17,80.79000091552734
2025-01-18,80.79000091552734
2025-01-19,80.79000091552734
2025-01-20,80.79000091552734
2025-01-21,79.29000091552734
2025-01-22,79.0
2025-01-23,78.29000091552734
2025-01-24,78.5
2025-01-25,78.5
2025-01-26,78.5
2025-01-27,77.08000183105469
2025-01-28,77.48999786376953
2025-01-29,76.58000183105469
2025-01-30,76.87000274658203
2025-01-31,76.76000213623047
2025-02-01,76.76000213623047
