ds,ndvi_mean,ndvi_std,ndvi_anomaly
2023-01-02,0.214766,0.143159,-0.149896
2023-01-09,0.482688,0.223567,0.002888
2023-01-16,0.463435,0.220258,-0.004765
2023-01-23,0.480325,0.195839,0.014311
2023-01-30,0.481653,0.217675,0.027697
2023-02-06,0.469633,0.226275,0.017978
2023-02-13,0.467519,0.229725,0.030014
2023-02-20,0.448234,0.221042,0.04917
2023-02-27,0.393436,0.166204,0.001829
2023-03-06,0.389132,0.19899,0.018466
2023-03-13,0.379669,0.2008415,0.022939
2023-03-20,0.370206,0.202693,0.035502
2023-03-27,0.374758,0.220952,0.045829
2023-04-03,0.348485,0.20809,0.051996
2023-04-10,0.302996,0.167075,0.036884
2023-04-17,0.308481,0.192284,0.033028
2023-04-24,0.289612,0.153939,0.040467
2023-05-01,0.261124,0.210718,0.024575
2023-05-08,0.277435,0.165653,0.031233
2023-05-15,0.263924,0.150607,0.069422
2023-05-22,0.255723,0.151752,0.031748
2023-05-29,0.231887,0.156201,0.004232
2023-06-05,0.244921,0.151561,0.037744
2023-06-12,0.201718,0.160358,0.002086
2023-06-19,0.15505,0.149675,-0.034919
2023-06-26,0.1538475,0.152402,-0.041614
2023-07-03,0.152645,0.15512900000000002,-0.048308
2023-07-10,0.1514425,0.157856,-0.065897
2023-07-17,0.15023999999999998,0.160583,-0.083486
2023-07-24,0.1490375,0.16331,-0.101075
2023-07-31,0.147835,0.166037,-0.118664
2023-08-07,0.1466325,0.168764,-0.067963
2023-08-14,0.14543,0.171491,-0.106135
2023-08-21,0.2550535,0.238169,-0.070423
2023-08-28,0.364677,0.304847,-0.034711
2023-09-04,-0.011329,0.144785,-0.322752
2023-09-11,0.339928,0.265615,-0.080259
2023-09-18,0.249455,0.31778,-0.083979
2023-09-25,0.285047,0.282367,0.024807
2023-10-02,0.485636,0.207789,0.243241
2023-10-09,0.485249,0.171942,0.139178
2023-10-16,0.2577,0.156892,-0.062438
2023-10-23,0.425495,0.17567,0.005454
2023-10-30,0.417936,0.191723,0.008829
2023-11-06,0.226164,0.146618,-0.143373
2023-11-13,0.398651,0.183523,-0.029782
2023-11-20,0.287561,0.216316,-0.100814
2023-11-27,0.138834,0.164361,-0.095906
2023-12-04,0.236743,0.193973,-0.149107
2023-12-11,0.46602,0.203446,0.005987
2023-12-18,0.357998,0.19912,0.07086
2023-12-25,0.471998,0.222233,0.039041
2024-01-01,0.442008,0.200901,0.077346
2024-01-08,0.476204,0.23107,-0.003596
2024-01-15,0.461947,0.22682,-0.006253
2024-01-22,0.444109,0.221954,-0.021905
2024-01-29,0.417295,0.215599,-0.036661
2024-02-05,0.40814700000000004,0.21534550000000002,-0.043508
2024-02-12,0.398999,0.215092,-0.038506
2024-02-19,0.351722,0.181436,-0.047342
2024-02-26,0.366665,0.209667,-0.024942
2024-03-04,0.338559,0.18117,-0.032107
2024-03-11,0.324166,0.174823,-0.032564
2024-03-18,0.287327,0.156534,-0.047377
2024-03-25,0.283914,0.169418,-0.045015
2024-04-01,0.234567,0.131843,-0.061922
2024-04-08,0.214791,0.1057,-0.051321
2024-04-15,0.249354,0.141687,-0.026099
2024-04-22,0.230283,0.152343,-0.018862
2024-04-29,0.230189,0.130982,-0.00636
2024-05-06,0.236198,0.152866,-0.010004
2024-05-13,0.204646,0.122443,0.010144
2024-05-20,0.230378,0.125959,0.006403
2024-05-27,0.1766,0.131407,-0.051055
2024-06-03,0.136521,0.144018,-0.070656
2024-06-10,0.171623,0.169625,-0.028009
2024-06-17,0.18660925,0.178605375,-0.00336
2024-06-24,0.2015955,0.18758575,0.006135
2024-07-01,0.21658175000000002,0.19656612499999998,0.015629
2024-07-08,0.231568,0.2055465,0.014228
2024-07-15,0.24655425000000003,0.214526875,0.012828
2024-07-22,0.2615405,0.22350725,0.011428
2024-07-29,0.27652675000000004,0.23248762499999998,0.010028
2024-08-05,0.291513,0.241468,0.076917
2024-08-12,0.31651475,0.24405449999999998,0.06495
2024-08-19,0.3415165,0.246641,0.01604
2024-08-26,0.36651825,0.2492275,-0.03287
2024-09-02,0.39152,0.251814,0.080097
2024-09-09,0.438519,0.255367,0.018332
2024-09-16,0.3407,0.2354465,0.007266
2024-09-23,0.242881,0.215526,-0.017359
2024-09-30,-0.041242,0.057921,-0.283637
2024-10-07,0.216376,0.23575,-0.129695
2024-10-14,0.298513,0.156505,-0.021625
2024-10-21,0.45381,0.19908,0.033769
2024-10-28,0.451953,0.166911,0.042846
2024-11-04,0.433238,0.174102,0.063701
2024-11-11,0.455199,0.196918,0.026766
2024-11-18,0.465495,0.196847,0.07712
2024-11-25,0.16258,0.190017,-0.07216
2024-12-02,0.477448,0.208516,0.091598
2024-12-09,0.471562,0.221578,0.011529
2024-12-16,0.169315,0.191436,-0.117823
2024-12-23,0.393916,0.187144,-0.039041
2024-12-30,0.4372115,0.1892295,0.07255
2025-01-06,0.480507,0.191315,0.000707
2025-01-13,0.479217,0.223595,0.011017
2025-01-20,0.473607,0.23811,0.007593
2025-01-27,0.462919,0.214952,0.008963
2025-02-03,0.477184,0.239516,0.025529
2025-02-10,0.445997,0.22455,0.008492
2025-02-17,0.397237,0.185587,-0.001827
2025-02-24,0.41472,0.212138,0.023113
2025-03-03,0.384306,0.183971,0.01364
2025-03-10,0.366356,0.184766,0.009626
2025-03-17,0.34658,0.173441,0.011876
2025-03-24,0.328116,0.148577,-0.000813
2025-03-31,0.306416,0.153403,0.009927
2025-04-07,0.280548,0.146288,0.014436
2025-04-14,0.268523,0.134486,-0.00693
2025-04-21,0.227539,0.124669,-0.021606
2025-04-28,0.218334,0.1511,-0.018215
2025-05-05,0.224972,0.163547,-0.02123
2025-05-12,0.114936,0.198722,-0.079566
2025-05-19,0.185823,0.154304,-0.038152
2025-05-26,0.274477,0.194666,0.046822
2025-06-02,0.240089,0.171911,0.032912
2025-06-09,0.225554,0.199009,0.025922
2025-06-16,0.228247,0.21387566666666666,0.038278
2025-06-23,0.23094,0.22874233333333333,0.035479
2025-06-30,0.233633,0.243609,0.03268
2025-07-07,0.2690085,0.24654075,0.051669
2025-07-14,0.304384,0.24947249999999999,0.070658
2025-07-21,0.3397595,0.25240425,0.089647
2025-07-28,0.375135,0.255336,0.108636
2025-08-04,0.205642,0.238567,-0.008954
2025-08-11,0.29275075,0.24142975,0.041186
2025-08-18,0.3798595,0.24429250000000002,0.054383
2025-08-25,0.46696825000000003,0.24715525000000002,0.06758
2025-09-01,0.554077,0.250018,0.242654
2025-09-08,0.48211250000000005,0.240766,0.061926
2025-09-15,0.410148,0.231514,0.076714
2025-09-22,0.252793,0.271691,-0.007447
2025-09-29,0.282791,0.18847,0.040396
2025-10-06,0.336589,0.187643,-0.009482
2025-10-13,0.404201,0.166995,0.084063
2025-10-20,0.38081699999999996,0.19022450000000002,-0.039224
2025-10-27,0.357433,0.213454,-0.051674
2025-11-03,0.44921,0.18167,0.079673
2025-11-10,0.431449,0.184871,0.003016
2025-11-17,0.412068,0.201341,0.023693
2025-11-24,0.402805,0.174217,0.168065
2025-12-01,0.443358,0.204616,0.057508
2025-12-08,0.442517,0.209724,-0.017516
2025-12-15,0.334102,0.164815,0.046964
